{
  "feature_min": [
    0.0,
    200.0,
    200.0,
    400.0
  ],
  "feature_max": [
    180.0,
    2000.0,
    2000.0,
    1100.0
  ],
  "cd_min": 0.0,
  "cd_max": 0.40468269364466886,
  "y_mean": 0.03061396429081308,
  "y_std": 0.06004713762809071,
  "n_freqs": 1000
}