{
  "feature_min": [
    0.0,
    200.0,
    200.0,
    600.0
  ],
  "feature_max": [
    180.0,
    2000.0,
    2000.0,
    1100.0
  ],
  "cd_min": 0.12907272051897117,
  "cd_max": 1.967753496461736,
  "y_mean": 0.8442137859185149,
  "y_std": 0.11819776487121766,
  "n_freqs": 1000
}