{
  "feature_min": [
    0.0,
    200.0,
    200.0,
    600.0
  ],
  "feature_max": [
    180.0,
    2000.0,
    2000.0,
    1100.0
  ],
  "cd_min": 0.0,
  "cd_max": 0.9926816483491812,
  "y_mean": 0.01533886622073718,
  "y_std": 0.042243570338039535,
  "n_freqs": 1000
}