{
  "feature_min": [
    0.0,
    200.0,
    200.0,
    600.0
  ],
  "feature_max": [
    180.0,
    2000.0,
    2000.0,
    1100.0
  ],
  "cd_min": 0.07527682839950472,
  "cd_max": 1.9682303178518548,
  "y_mean": 0.8676482530559255,
  "y_std": 0.1266633817216747,
  "n_freqs": 1000
}