{
  "feature_min": [
    0.0,
    200.0,
    200.0,
    600.0
  ],
  "feature_max": [
    180.0,
    2000.0,
    2000.0,
    1100.0
  ],
  "cd_min": 0.0,
  "cd_max": 0.9762930489589309,
  "y_mean": 0.010473424897450245,
  "y_std": 0.03193296219493834,
  "n_freqs": 1000
}