{
  "feature_min": [
    0.0,
    200.0,
    200.0,
    600.0
  ],
  "feature_max": [
    180.0,
    2000.0,
    2000.0,
    1100.0
  ],
  "cd_min": 0.0,
  "cd_max": 0.9770181429882349,
  "y_mean": 0.01544823222547518,
  "y_std": 0.04253422561410865,
  "n_freqs": 1000
}