{
  "feature_min": [
    0.0,
    200.0,
    200.0,
    600.0
  ],
  "feature_max": [
    180.0,
    2000.0,
    2000.0,
    1100.0
  ],
  "cd_min": 0.07706177648220881,
  "cd_max": 1.957295676908778,
  "y_mean": 0.6811173944296411,
  "y_std": 0.15353428181785117,
  "n_freqs": 1000
}