{
  "feature_min": [
    0.0,
    200.0,
    200.0,
    600.0
  ],
  "feature_max": [
    180.0,
    2000.0,
    2000.0,
    1100.0
  ],
  "cd_min": 0.12271820700352684,
  "cd_max": 1.96485202014002,
  "y_mean": 0.8601794441549212,
  "y_std": 0.10404256764685571,
  "n_freqs": 1000
}