{
  "feature_min": [
    0.0,
    200.0,
    200.0,
    600.0
  ],
  "feature_max": [
    180.0,
    2000.0,
    2000.0,
    1100.0
  ],
  "cd_min": 0.235710145608814,
  "cd_max": 1.965282196978046,
  "y_mean": 0.8483409692389816,
  "y_std": 0.11793790316279827,
  "n_freqs": 1000
}