{
  "feature_min": [
    0.0,
    200.0,
    200.0,
    600.0
  ],
  "feature_max": [
    180.0,
    2000.0,
    2000.0,
    1100.0
  ],
  "cd_min": 0.0,
  "cd_max": 0.967406707358716,
  "y_mean": 0.004348726357922124,
  "y_std": 0.020031843494477907,
  "n_freqs": 1000
}