{
  "feature_min": [
    0.0,
    200.0,
    200.0,
    600.0
  ],
  "feature_max": [
    180.0,
    2000.0,
    2000.0,
    1100.0
  ],
  "cd_min": 0.0,
  "cd_max": 0.9959415315825245,
  "y_mean": 0.01896360919006207,
  "y_std": 0.04731245582458229,
  "n_freqs": 1000
}