{
  "feature_min": [
    0.0,
    200.0,
    200.0,
    600.0
  ],
  "feature_max": [
    180.0,
    2000.0,
    2000.0,
    1100.0
  ],
  "cd_min": 0.0,
  "cd_max": 0.990950401072196,
  "y_mean": 0.02625706789564014,
  "y_std": 0.06604639954688821,
  "n_freqs": 1000
}