{
  "feature_min": [
    0.0,
    0.0,
    200.0,
    200.0,
    600.0
  ],
  "feature_max": [
    180.0,
    180.0,
    2000.0,
    2000.0,
    1100.0
  ],
  "cd_min": 2.2920334104424895e-16,
  "cd_max": 0.9735803178930611,
  "y_mean": 0.40246108025889005,
  "y_std": 0.3689864858535787,
  "n_freqs": 1000
}