{
  "feature_min": [
    0.0,
    200.0,
    200.0,
    400.0
  ],
  "feature_max": [
    180.0,
    2000.0,
    2000.0,
    1100.0
  ],
  "cd_min": 0.30579189281836167,
  "cd_max": 1.9691228840553847,
  "y_mean": 0.7644836940942662,
  "y_std": 0.1354527790563654,
  "n_freqs": 1000
}