{
  "feature_min": [
    0.0,
    200.0,
    200.0,
    600.0
  ],
  "feature_max": [
    180.0,
    2000.0,
    2000.0,
    1100.0
  ],
  "cd_min": 0.4704696247494051,
  "cd_max": 1.963056161775308,
  "y_mean": 0.770426641025838,
  "y_std": 0.14433938747659456,
  "n_freqs": 1000
}