{"X": {"min": [0.0, 200.0, 200.0, 400.0], "max": [180.0, 2000.0, 2000.0, 1100.0]}, "y": {"min": 0.19487878880960455, "max": 1.9589476761443194}}