{"X": {"min": [0.0, 200.0, 200.0, 400.0], "max": [180.0, 2000.0, 1999.0, 1100.0]}, "y": {"min": 0.17741249660304081, "max": 1.9560333539721713}}