{"X": {"min": [0.0, 200.0, 200.0, 600.0], "max": [180.0, 2000.0, 2000.0, 1100.0]}, "y": {"min": 0.16032350354827613, "max": 1.9602137014161352}}