{
  "feature_min": [
    0.0,
    200.0,
    200.0,
    600.0
  ],
  "feature_max": [
    180.0,
    2000.0,
    2000.0,
    1100.0
  ],
  "cd_min": 0.0,
  "cd_max": 0.9920942406460433,
  "y_mean": 0.008639897102754208,
  "y_std": 0.03148040693367925,
  "n_freqs": 1000
}